"S.No","Company Name","Website","Segment","City Presence","Products / Services","Engineering Relevance","Justification","Source"
"1","Trivitron Healthcare","www.trivitron.com","Medical Devices","Manufacturing Plant at Trivitron Medical Technology Park, Sriperumbudur","In-vitro diagnostics, imaging equipment, critical care life support","Mechanical, ECE, Biomedical","Leading indigenous medical technology company with heavy R&D and manufacturing setup. Excellent for biomechanical and electronics integration.","Company Website"
"2","Appasamy Associates","www.appasamy.com","Medical Devices","Manufacturing units in Arumbakkam & Arumbakkam, Chennai","Ophthalmic equipment, microscopes, lasers, intraocular lenses","Mechanical, ECE, Biomedical","A pioneer in ophthalmic instrumentation. Offers strong exposure to precision optics, mechanical design, and embedded systems.","Company Website"
"3","Phoenix Medical Systems","www.phoenixmedicalsystems.com","Medical Devices","R&D and Manufacturing in Guindy, Chennai","Neonatal care equipment, infant incubators, phototherapy units","Mechanical, ECE, EEE, Biomedical","Specializes in life-saving infant care equipment. Highly relevant for product design and thermal management engineering.","Industry Listings"
"4","Perfint Healthcare","www.perfinthealthcare.com","Medical Devices","R&D and Assembly in Chennai","Robotic positioning systems for oncology, image-guided interventional systems","Mechanical, ECE, CS","Focuses on cutting-edge medical robotics and imaging. Great for mechatronics and software-hardware integration.","News Articles & LinkedIn"
"5","CPC Diagnostics","www.cpcdiagnostics.in","Medical Devices","Manufacturing facility in Chennai","Diagnostic instruments, hematology analyzers, reagents","Biomedical, ECE, Chemical","Mix of chemical formulations and instrument manufacturing. Suitable for bio-instrumentation and quality control roles.","Company Website"
"6","HD Medical Group","www.hdmedicalgroup.com","Medical Devices","R&D Center in Chennai","Digital stethoscopes with AI, intelligent ECG monitors","ECE, CS, Biomedical","Deep tech company blending AI with embedded electronics for cardiology. Ideal for signal processing and hardware engineers.","Company Website"
"7","Flextronics Technologies","www.flex.com","Electronic Manufacturing & Sensors","Large scale manufacturing in Sriperumbudur","EMS for medical devices, industrial sensors, and consumer electronics","ECE, EEE, Mechanical, Industrial","One of the world's largest EMS providers. Offers massive exposure to PCB manufacturing, SMT lines, and automation.","LinkedIn"
"8","Sanmina-SCI India","www.sanmina.com","Electronic Manufacturing & Sensors","Manufacturing plant in Oragadam, Chennai","Advanced electronic manufacturing for medical, aerospace, and industrial sectors","ECE, EEE, Mechanical","Provides hands-on experience with high-complexity, mission-critical electronics manufacturing and testing.","Company Website"
"9","Avalon Technologies","www.avalontec.com","Electronic Manufacturing & Sensors","Multiple manufacturing facilities in Chennai","PCB assembly, wire harnesses, metal fabrication for industrial instrumentation","ECE, Mechanical, EEE","End-to-end manufacturing from metal enclosures to PCBs. Excellent for understanding product lifecycle and assembly.","Company Website"
"10","Syrma SGS Technology","www.syrmasgs.com","Electronic Manufacturing & Sensors","Manufacturing units in MEPZ, Tambaram","RFID tags, industrial sensors, memory modules, magnetic chokes","ECE, EEE, Industrial","Strong focus on electronic components and RFID sensors. Ideal for electronics design and manufacturing process engineers.","Company Website"
"11","Foxconn Hon Hai","www.honhai.com","Electronic Manufacturing & Sensors","Mega manufacturing facility in Sriperumbudur","Smartphones, electronic components, sensor assemblies","ECE, Mechanical, Industrial","Massive scale electronics assembly. Good for production engineering, automation, and supply chain management.","News Articles"
"12","Pegatron India","www.pegatroncorp.com","Electronic Manufacturing & Sensors","Manufacturing plant in Chengalpattu, Chennai","Consumer electronics, communication devices, IoT components","ECE, Mechanical, EEE","Major global electronics manufacturer offering roles in precision assembly, testing, and industrial engineering.","News Articles"
"13","Danfoss Industries","www.danfoss.com","Industrial Sensors & Instrumentation","Campus and manufacturing in Oragadam, Chennai","Industrial drives, fluid control sensors, climate solutions","Mechanical, EEE, ECE","Global leader in energy efficiency technologies. Heavy reliance on power electronics, thermal engineering, and sensors.","Company Website"
"14","Emerson Automation Solutions","www.emerson.com","Industrial Sensors & Instrumentation","Engineering and manufacturing in Chennai","Industrial instrumentation, control valves, automation systems","Instrumentation, ECE, Mechanical","Top-tier automation company. Perfect for instrumentation engineers working on process control and heavy industry sensors.","LinkedIn"
"15","EIP Enviro Level Controls","www.eipenviroindia.com","Industrial Sensors & Instrumentation","Manufacturing in Ambattur, Chennai","Level sensors, flow meters, silo monitoring systems","Instrumentation, ECE, Mechanical","Niche manufacturer of level measuring instruments. Direct application of sensor technology for core engineering students.","Company Website"
"16","Placka Instruments India","www.placka.com","Industrial Sensors & Instrumentation","Manufacturing in Chennai","Transducers, signal isolators, process control instruments","ECE, Instrumentation, EEE","Core instrumentation company developing signal conditioners. Great for analog electronics and measurement engineers.","Industry Directories"
"17","Vasavi Electronics","www.vasavi.com","Industrial Sensors & Instrumentation","Manufacturing unit in Chennai","LCR meters, turns testers, coil testing instruments","ECE, EEE, Instrumentation","Specializes in electronic test and measurement instruments. Highly relevant for testing, calibration, and QA roles.","Company Website"
"18","Pricol Limited","www.pricol.com","Industrial Sensors & Instrumentation","Manufacturing in Sriperumbudur (Headquartered in nearby Coimbatore)","Instrument clusters, speed sensors, temperature sensors, telematics","ECE, Mechanical, Instrumentation","Automotive instrumentation leader. Offers deep exposure to IoT, telematics, and mechanical-electronic sensor integration.","Company Website"
"19","Visteon Electronics India","www.visteon.com","Industrial Sensors & Instrumentation","R&D and Manufacturing in Chennai","Automotive electronics, digital instrument clusters, sensor fusion","ECE, CS, EEE","Cutting-edge cockpit electronics. Ideal for embedded systems, display technologies, and automotive sensor networks.","Company Website"
"20","Valeo India","www.valeo.com","Industrial Sensors & Instrumentation","R&D and Manufacturing in Navalur, Chennai","Automotive sensors, LiDAR, ultrasonic sensors for ADAS","ECE, Mechanical, CS","Focuses on autonomous driving tech. Excellent for engineers interested in sensor fusion, optics, and mechatronics.","LinkedIn & News"
"21","ZF Commercial Vehicle Control Systems","www.zf.com","Industrial Sensors & Instrumentation","Manufacturing in Ambattur, Chennai","Air braking systems, ABS sensors, electronic stability controls","Mechanical, ECE, Instrumentation","Formerly WABCO. Deep engineering work in active safety systems using pneumatic and electronic sensors.","Company Website"
"22","BorgWarner India","www.borgwarner.com","Industrial Sensors & Instrumentation","Manufacturing plant in Kanchipuram near Chennai","Emission sensors, powertrain components, thermal management","Mechanical, EEE, ECE","Focuses on vehicle propulsion systems. Great for understanding thermal sensors and high-power electrical systems.","Company Website"
"23","Delphi-TVS Technologies","www.delphitvs.com","Industrial Sensors & Instrumentation","Manufacturing in Mannur & Oragadam, Chennai","Electronic fuel injection systems, rail pressure sensors","Mechanical, ECE, EEE","Core automotive tech mixing fluid dynamics with electronic sensing. Ideal for mechatronics and precision engineering.","Company Website"
"24","KLA Tencor","www.kla.com","Industrial Sensors & Instrumentation","Major R&D center in Chennai","Semiconductor inspection equipment, optical sensors, metrology tools","ECE, CS, Mechanical, Physics","High-end semiconductor metrology. Perfect for algorithm development, optics, and precision hardware design.","Company Website"
"25","L&T Valves","www.lntvalves.com","Industrial Sensors & Instrumentation","Manufacturing facility in Kanchipuram, near Chennai","Industrial valves, automated control valves with integrated instrumentation","Mechanical, Instrumentation","Heavy engineering involving flow control. Relevant for fluid mechanics, metallurgy, and control systems.","Company Website"
